periodo_denuncia,anio_denuncia,fecha_descarga,distrito_fiscal,especialidad,tipo_caso,generico,subgenerico,articulo,des_articulo,cantidad,ubigeo_pjfs,dpto_pjfs,prov_pjfs,dist_pjfs,fecha_corte
ENERO - NOVIEMBRE,2025,10/12/2025,AMAZONAS,PENAL,DENUNCIA,CONTRA EL ESTADO Y LA DEFENSA NACIONAL,CONTRA SIMBOLOS Y VALORES DE LA PATRIA,345,"Actos de menosprecio contra los símbolos, próceres o héroes patrios",1,010101,AMAZONAS,CHACHAPOYAS,CHACHAPOYAS,17/12/2025
ENERO - NOVIEMBRE,2025,10/12/2025,AMAZONAS,PENAL,DENUNCIA,CONTRA EL HONOR,"INJURIA,CALUMNIA Y DIFAMACION",130,Injuria,1,010101,AMAZONAS,CHACHAPOYAS,CHACHAPOYAS,17/12/2025
ENERO - NOVIEMBRE,2025,10/12/2025,AMAZONAS,PENAL,DENUNCIA,CONTRA EL HONOR,"INJURIA,CALUMNIA Y DIFAMACION",131,Calumnia,3,010101,AMAZONAS,CHACHAPOYAS,CHACHAPOYAS,17/12/2025
ENERO - NOVIEMBRE,2025,10/12/2025,AMAZONAS,PENAL,DENUNCIA,CONTRA EL HONOR,"INJURIA,CALUMNIA Y DIFAMACION",132,Difamación,13,010101,AMAZONAS,CHACHAPOYAS,CHACHAPOYAS,17/12/2025
ENERO - NOVIEMBRE,2025,10/12/2025,AMAZONAS,PENAL,DENUNCIA,CONTRA EL ORDEN ECONOMICO,"ACAPARAMIENTO, ESPECULACION, ADULTERACION",235,Adulteración,1,010101,AMAZONAS,CHACHAPOYAS,CHACHAPOYAS,17/12/2025
ENERO - NOVIEMBRE,2025,10/12/2025,AMAZONAS,PENAL,DENUNCIA,CONTRA EL ORDEN ECONOMICO,DESEMPEÑO DE ACTIVIDADES NO AUTORIZADAS,243-C,Funcionamiento ilegal de juegos de casino y máquinas tragamonedas,1,010101,AMAZONAS,CHACHAPOYAS,CHACHAPOYAS,17/12/2025
ENERO - NOVIEMBRE,2025,10/12/2025,AMAZONAS,PENAL,DENUNCIA,CONTRA EL ORDEN FINANCIERO Y MONETARIO,DELITOS FINANCIEROS,247,Financiamiento por medio de información fraudulenta,2,010101,AMAZONAS,CHACHAPOYAS,CHACHAPOYAS,17/12/2025
ENERO - NOVIEMBRE,2025,10/12/2025,AMAZONAS,PENAL,DENUNCIA,CONTRA EL ORDEN FINANCIERO Y MONETARIO,DELITOS MONETARIOS,252,Fabricación y falsificación de moneda de curso legal,2,010101,AMAZONAS,CHACHAPOYAS,CHACHAPOYAS,17/12/2025
ENERO - NOVIEMBRE,2025,10/12/2025,AMAZONAS,PENAL,DENUNCIA,CONTRA EL ORDEN FINANCIERO Y MONETARIO,DELITOS MONETARIOS,254,Tráfico de moneda falsa,1,010101,AMAZONAS,CHACHAPOYAS,CHACHAPOYAS,17/12/2025
ENERO - NOVIEMBRE,2025,10/12/2025,AMAZONAS,PENAL,DENUNCIA,CONTRA EL PATRIMONIO,ABIGEATO,189-A,Hurto de ganado,25,010101,AMAZONAS,CHACHAPOYAS,CHACHAPOYAS,17/12/2025
ENERO - NOVIEMBRE,2025,10/12/2025,AMAZONAS,PENAL,DENUNCIA,CONTRA EL PATRIMONIO,ABIGEATO,189-B,Hurto de uso de ganado,2,010101,AMAZONAS,CHACHAPOYAS,CHACHAPOYAS,17/12/2025
ENERO - NOVIEMBRE,2025,10/12/2025,AMAZONAS,PENAL,DENUNCIA,CONTRA EL PATRIMONIO,APROPIACION ILICITA,190,Apropiación ilícita común,75,010101,AMAZONAS,CHACHAPOYAS,CHACHAPOYAS,17/12/2025
ENERO - NOVIEMBRE,2025,10/12/2025,AMAZONAS,PENAL,DENUNCIA,CONTRA EL PATRIMONIO,APROPIACION ILICITA,191,Sustracción de bien propio,1,010101,AMAZONAS,CHACHAPOYAS,CHACHAPOYAS,17/12/2025
ENERO - NOVIEMBRE,2025,10/12/2025,AMAZONAS,PENAL,DENUNCIA,CONTRA EL PATRIMONIO,APROPIACION ILICITA,192,Apropiación irregular,14,010101,AMAZONAS,CHACHAPOYAS,CHACHAPOYAS,17/12/2025
ENERO - NOVIEMBRE,2025,10/12/2025,AMAZONAS,PENAL,DENUNCIA,CONTRA EL PATRIMONIO,DAÑOS,205,Daño simple,510,010101,AMAZONAS,CHACHAPOYAS,CHACHAPOYAS,17/12/2025
ENERO - NOVIEMBRE,2025,10/12/2025,AMAZONAS,PENAL,DENUNCIA,CONTRA EL PATRIMONIO,DAÑOS,206,Formas agravadas,69,010101,AMAZONAS,CHACHAPOYAS,CHACHAPOYAS,17/12/2025
ENERO - NOVIEMBRE,2025,10/12/2025,AMAZONAS,PENAL,DENUNCIA,CONTRA EL PATRIMONIO,DAÑOS,206-A,Abandono y actos de crueldad contra animales domésticos y silvestres,20,010101,AMAZONAS,CHACHAPOYAS,CHACHAPOYAS,17/12/2025
ENERO - NOVIEMBRE,2025,10/12/2025,AMAZONAS,PENAL,DENUNCIA,CONTRA EL PATRIMONIO,ESTAFA Y OTRAS DEFRAUDACIONES,196,Estafa,392,010101,AMAZONAS,CHACHAPOYAS,CHACHAPOYAS,17/12/2025
ENERO - NOVIEMBRE,2025,10/12/2025,AMAZONAS,PENAL,DENUNCIA,CONTRA EL PATRIMONIO,ESTAFA Y OTRAS DEFRAUDACIONES,196-A,Estafa agravada,34,010101,AMAZONAS,CHACHAPOYAS,CHACHAPOYAS,17/12/2025
ENERO - NOVIEMBRE,2025,10/12/2025,AMAZONAS,PENAL,DENUNCIA,CONTRA EL PATRIMONIO,ESTAFA Y OTRAS DEFRAUDACIONES,197,Casos de defraudación,18,010101,AMAZONAS,CHACHAPOYAS,CHACHAPOYAS,17/12/2025
ENERO - NOVIEMBRE,2025,10/12/2025,AMAZONAS,PENAL,DENUNCIA,CONTRA EL PATRIMONIO,EXTORSION,200,Extorsión.,97,010101,AMAZONAS,CHACHAPOYAS,CHACHAPOYAS,17/12/2025
ENERO - NOVIEMBRE,2025,10/12/2025,AMAZONAS,PENAL,DENUNCIA,CONTRA EL PATRIMONIO,EXTORSION,201,Chantaje,10,010101,AMAZONAS,CHACHAPOYAS,CHACHAPOYAS,17/12/2025
ENERO - NOVIEMBRE,2025,10/12/2025,AMAZONAS,PENAL,DENUNCIA,CONTRA EL PATRIMONIO,FRAUDE EN LA ADMINISTR. DE PERS. JURID.,198,Administración fraudulenta,4,010101,AMAZONAS,CHACHAPOYAS,CHACHAPOYAS,17/12/2025
ENERO - NOVIEMBRE,2025,10/12/2025,AMAZONAS,PENAL,DENUNCIA,CONTRA EL PATRIMONIO,FRAUDE EN LA ADMINISTR. DE PERS. JURID.,198-A,Informes de auditoría distorsionados,1,010101,AMAZONAS,CHACHAPOYAS,CHACHAPOYAS,17/12/2025
ENERO - NOVIEMBRE,2025,10/12/2025,AMAZONAS,PENAL,DENUNCIA,CONTRA EL PATRIMONIO,HURTO,185,Hurto simple,628,010101,AMAZONAS,CHACHAPOYAS,CHACHAPOYAS,17/12/2025
ENERO - NOVIEMBRE,2025,10/12/2025,AMAZONAS,PENAL,DENUNCIA,CONTRA EL PATRIMONIO,HURTO,186,Hurto agravado,557,010101,AMAZONAS,CHACHAPOYAS,CHACHAPOYAS,17/12/2025
ENERO - NOVIEMBRE,2025,10/12/2025,AMAZONAS,PENAL,DENUNCIA,CONTRA EL PATRIMONIO,HURTO,186-A,Dispositivos para asistir a la decodificación de señales de satélite portadoras de programas,1,010101,AMAZONAS,CHACHAPOYAS,CHACHAPOYAS,17/12/2025
ENERO - NOVIEMBRE,2025,10/12/2025,AMAZONAS,PENAL,DENUNCIA,CONTRA EL PATRIMONIO,HURTO,187,Hurto de uso,19,010101,AMAZONAS,CHACHAPOYAS,CHACHAPOYAS,17/12/2025
ENERO - NOVIEMBRE,2025,10/12/2025,AMAZONAS,PENAL,DENUNCIA,CONTRA EL PATRIMONIO,RECEPTACION,194,Receptación.,67,010101,AMAZONAS,CHACHAPOYAS,CHACHAPOYAS,17/12/2025
ENERO - NOVIEMBRE,2025,10/12/2025,AMAZONAS,PENAL,DENUNCIA,CONTRA EL PATRIMONIO,RECEPTACION,195,Formas agravadas,34,010101,AMAZONAS,CHACHAPOYAS,CHACHAPOYAS,17/12/2025
ENERO - NOVIEMBRE,2025,10/12/2025,AMAZONAS,PENAL,DENUNCIA,CONTRA EL PATRIMONIO,ROBO,188,Robo.,50,010101,AMAZONAS,CHACHAPOYAS,CHACHAPOYAS,17/12/2025
ENERO - NOVIEMBRE,2025,10/12/2025,AMAZONAS,PENAL,DENUNCIA,CONTRA EL PATRIMONIO,ROBO,189,Robo agravado,125,010101,AMAZONAS,CHACHAPOYAS,CHACHAPOYAS,17/12/2025
ENERO - NOVIEMBRE,2025,10/12/2025,AMAZONAS,PENAL,DENUNCIA,CONTRA EL PATRIMONIO,USURPACION,202,Usurpación.,316,010101,AMAZONAS,CHACHAPOYAS,CHACHAPOYAS,17/12/2025
ENERO - NOVIEMBRE,2025,10/12/2025,AMAZONAS,PENAL,DENUNCIA,CONTRA EL PATRIMONIO,USURPACION,203,Desvío ilegal del curso de las aguas,6,010101,AMAZONAS,CHACHAPOYAS,CHACHAPOYAS,17/12/2025
ENERO - NOVIEMBRE,2025,10/12/2025,AMAZONAS,PENAL,DENUNCIA,CONTRA EL PATRIMONIO,USURPACION,204,Formas agravadas de usurpación,99,010101,AMAZONAS,CHACHAPOYAS,CHACHAPOYAS,17/12/2025
ENERO - NOVIEMBRE,2025,10/12/2025,AMAZONAS,PENAL,DENUNCIA,CONTRA LA ADMINISTRACION PUBLICA,DELITOS COMETIDOS POR FUNCIONARIOS PUBLICOS,376,Abuso de autoridad,111,010101,AMAZONAS,CHACHAPOYAS,CHACHAPOYAS,17/12/2025
ENERO - NOVIEMBRE,2025,10/12/2025,AMAZONAS,PENAL,DENUNCIA,CONTRA LA ADMINISTRACION PUBLICA,DELITOS COMETIDOS POR FUNCIONARIOS PUBLICOS,376-B,Otorgamiento ilegítimo de derechos sobre inmuebles (abuso de autoridad),3,010101,AMAZONAS,CHACHAPOYAS,CHACHAPOYAS,17/12/2025
ENERO - NOVIEMBRE,2025,10/12/2025,AMAZONAS,PENAL,DENUNCIA,CONTRA LA ADMINISTRACION PUBLICA,DELITOS COMETIDOS POR FUNCIONARIOS PUBLICOS,377,"Omisión, rehusamiento o demora de actos funcionales (abuso de autoridad)",104,010101,AMAZONAS,CHACHAPOYAS,CHACHAPOYAS,17/12/2025
ENERO - NOVIEMBRE,2025,10/12/2025,AMAZONAS,PENAL,DENUNCIA,CONTRA LA ADMINISTRACION PUBLICA,DELITOS COMETIDOS POR FUNCIONARIOS PUBLICOS,378,Denegación o deficiente apoyo policial (abuso de autoridad),1,010101,AMAZONAS,CHACHAPOYAS,CHACHAPOYAS,17/12/2025
ENERO - NOVIEMBRE,2025,10/12/2025,AMAZONAS,PENAL,DENUNCIA,CONTRA LA ADMINISTRACION PUBLICA,DELITOS COMETIDOS POR FUNCIONARIOS PUBLICOS,381,Nombramiento o aceptación ilegal (abuso de autoridad),28,010101,AMAZONAS,CHACHAPOYAS,CHACHAPOYAS,17/12/2025
ENERO - NOVIEMBRE,2025,10/12/2025,AMAZONAS,PENAL,DENUNCIA,CONTRA LA ADMINISTRACION PUBLICA,DELITOS COMETIDOS POR FUNCIONARIOS PUBLICOS,382,Concusión,2,010101,AMAZONAS,CHACHAPOYAS,CHACHAPOYAS,17/12/2025
ENERO - NOVIEMBRE,2025,10/12/2025,AMAZONAS,PENAL,DENUNCIA,CONTRA LA ADMINISTRACION PUBLICA,DELITOS COMETIDOS POR FUNCIONARIOS PUBLICOS,384,Colusión simple y agravada (concusión),81,010101,AMAZONAS,CHACHAPOYAS,CHACHAPOYAS,17/12/2025
ENERO - NOVIEMBRE,2025,10/12/2025,AMAZONAS,PENAL,DENUNCIA,CONTRA LA ADMINISTRACION PUBLICA,DELITOS COMETIDOS POR FUNCIONARIOS PUBLICOS,387,Peculado doloso y culposo (peculado),54,010101,AMAZONAS,CHACHAPOYAS,CHACHAPOYAS,17/12/2025
ENERO - NOVIEMBRE,2025,10/12/2025,AMAZONAS,PENAL,DENUNCIA,CONTRA LA ADMINISTRACION PUBLICA,DELITOS COMETIDOS POR FUNCIONARIOS PUBLICOS,388,Peculado de uso (peculado),12,010101,AMAZONAS,CHACHAPOYAS,CHACHAPOYAS,17/12/2025
ENERO - NOVIEMBRE,2025,10/12/2025,AMAZONAS,PENAL,DENUNCIA,CONTRA LA ADMINISTRACION PUBLICA,DELITOS COMETIDOS POR FUNCIONARIOS PUBLICOS,390,Retardo injustificado de pago (peculado),7,010101,AMAZONAS,CHACHAPOYAS,CHACHAPOYAS,17/12/2025
ENERO - NOVIEMBRE,2025,10/12/2025,AMAZONAS,PENAL,DENUNCIA,CONTRA LA ADMINISTRACION PUBLICA,DELITOS COMETIDOS POR FUNCIONARIOS PUBLICOS,391,Rehusamiento a entrega de bienes depositados o puestos en custodia,2,010101,AMAZONAS,CHACHAPOYAS,CHACHAPOYAS,17/12/2025
ENERO - NOVIEMBRE,2025,10/12/2025,AMAZONAS,PENAL,DENUNCIA,CONTRA LA ADMINISTRACION PUBLICA,DELITOS COMETIDOS POR FUNCIONARIOS PUBLICOS,393,Cohecho pasivo propio (corrupción de funcionarios),9,010101,AMAZONAS,CHACHAPOYAS,CHACHAPOYAS,17/12/2025
ENERO - NOVIEMBRE,2025,10/12/2025,AMAZONAS,PENAL,DENUNCIA,CONTRA LA ADMINISTRACION PUBLICA,DELITOS COMETIDOS POR FUNCIONARIOS PUBLICOS,395-A,Cohecho pasivo propio en el ejercicio de la función policial (corrupción de funcionarios),11,010101,AMAZONAS,CHACHAPOYAS,CHACHAPOYAS,17/12/2025
ENERO - NOVIEMBRE,2025,10/12/2025,AMAZONAS,PENAL,DENUNCIA,CONTRA LA ADMINISTRACION PUBLICA,DELITOS COMETIDOS POR FUNCIONARIOS PUBLICOS,396,Corrupción pasiva de auxiliares jurisdiccionales (corrupción de funcionarios),1,010101,AMAZONAS,CHACHAPOYAS,CHACHAPOYAS,17/12/2025
ENERO - NOVIEMBRE,2025,10/12/2025,AMAZONAS,PENAL,DENUNCIA,CONTRA LA ADMINISTRACION PUBLICA,DELITOS COMETIDOS POR FUNCIONARIOS PUBLICOS,397,Cohecho activo genérico (corrupción de funcionarios),2,010101,AMAZONAS,CHACHAPOYAS,CHACHAPOYAS,17/12/2025
ENERO - NOVIEMBRE,2025,10/12/2025,AMAZONAS,PENAL,DENUNCIA,CONTRA LA ADMINISTRACION PUBLICA,DELITOS COMETIDOS POR FUNCIONARIOS PUBLICOS,398,Cohecho activo específico (corrupción de funcionarios),1,010101,AMAZONAS,CHACHAPOYAS,CHACHAPOYAS,17/12/2025
ENERO - NOVIEMBRE,2025,10/12/2025,AMAZONAS,PENAL,DENUNCIA,CONTRA LA ADMINISTRACION PUBLICA,DELITOS COMETIDOS POR FUNCIONARIOS PUBLICOS,399,Negociación incompatible o aprovechamiento indebido de cargo (corrupción de funcionarios),51,010101,AMAZONAS,CHACHAPOYAS,CHACHAPOYAS,17/12/2025
ENERO - NOVIEMBRE,2025,10/12/2025,AMAZONAS,PENAL,DENUNCIA,CONTRA LA ADMINISTRACION PUBLICA,DELITOS COMETIDOS POR FUNCIONARIOS PUBLICOS,400,Tráfico de influencias (corrupción de funcionarios),9,010101,AMAZONAS,CHACHAPOYAS,CHACHAPOYAS,17/12/2025
ENERO - NOVIEMBRE,2025,10/12/2025,AMAZONAS,PENAL,DENUNCIA,CONTRA LA ADMINISTRACION PUBLICA,DELITOS COMETIDOS POR FUNCIONARIOS PUBLICOS,389,Malversación (peculado),12,010101,AMAZONAS,CHACHAPOYAS,CHACHAPOYAS,17/12/2025
ENERO - NOVIEMBRE,2025,10/12/2025,AMAZONAS,PENAL,DENUNCIA,CONTRA LA ADMINISTRACION PUBLICA,DELITOS COMETIDOS POR FUNCIONARIOS PUBLICOS,380,Abandono de cargo (abuso de autoridad),1,010101,AMAZONAS,CHACHAPOYAS,CHACHAPOYAS,17/12/2025
ENERO - NOVIEMBRE,2025,10/12/2025,AMAZONAS,PENAL,DENUNCIA,CONTRA LA ADMINISTRACION PUBLICA,DELITOS COMETIDOS POR FUNCIONARIOS PUBLICOS,383,Cobro indebido (concusión),4,010101,AMAZONAS,CHACHAPOYAS,CHACHAPOYAS,17/12/2025
ENERO - NOVIEMBRE,2025,10/12/2025,AMAZONAS,PENAL,DENUNCIA,CONTRA LA ADMINISTRACION PUBLICA,DELITOS COMETIDOS POR FUNCIONARIOS PUBLICOS,394,Cohecho pasivo impropio (corrupción de funcionarios),7,010101,AMAZONAS,CHACHAPOYAS,CHACHAPOYAS,17/12/2025
ENERO - NOVIEMBRE,2025,10/12/2025,AMAZONAS,PENAL,DENUNCIA,CONTRA LA ADMINISTRACION PUBLICA,DELITOS COMETIDOS POR FUNCIONARIOS PUBLICOS,395,Cohecho pasivo específico (corrupción de funcionarios),5,010101,AMAZONAS,CHACHAPOYAS,CHACHAPOYAS,17/12/2025
ENERO - NOVIEMBRE,2025,10/12/2025,AMAZONAS,PENAL,DENUNCIA,CONTRA LA ADMINISTRACION PUBLICA,DELITOS COMETIDOS POR FUNCIONARIOS PUBLICOS,385,Patrocinio ilegal (concusión),1,010101,AMAZONAS,CHACHAPOYAS,CHACHAPOYAS,17/12/2025
ENERO - NOVIEMBRE,2025,10/12/2025,AMAZONAS,PENAL,DENUNCIA,CONTRA LA ADMINISTRACION PUBLICA,DELITOS COMETIDOS POR PARTICULARES,361,Usurpación de función pública,14,010101,AMAZONAS,CHACHAPOYAS,CHACHAPOYAS,17/12/2025
ENERO - NOVIEMBRE,2025,10/12/2025,AMAZONAS,PENAL,DENUNCIA,CONTRA LA ADMINISTRACION PUBLICA,DELITOS COMETIDOS POR PARTICULARES,362,Ostentación de distintivos de función o cargos que no ejerce,4,010101,AMAZONAS,CHACHAPOYAS,CHACHAPOYAS,17/12/2025
ENERO - NOVIEMBRE,2025,10/12/2025,AMAZONAS,PENAL,DENUNCIA,CONTRA LA ADMINISTRACION PUBLICA,DELITOS COMETIDOS POR PARTICULARES,363,Ejercicio ilegal de profesión,1,010101,AMAZONAS,CHACHAPOYAS,CHACHAPOYAS,17/12/2025
ENERO - NOVIEMBRE,2025,10/12/2025,AMAZONAS,PENAL,DENUNCIA,CONTRA LA ADMINISTRACION PUBLICA,DELITOS COMETIDOS POR PARTICULARES,365,Violencia contra la autoridad para obligarle a algo,1,010101,AMAZONAS,CHACHAPOYAS,CHACHAPOYAS,17/12/2025
ENERO - NOVIEMBRE,2025,10/12/2025,AMAZONAS,PENAL,DENUNCIA,CONTRA LA ADMINISTRACION PUBLICA,DELITOS COMETIDOS POR PARTICULARES,366,Violencia contra la autoridad para impedir el ejercicio de sus funciones,6,010101,AMAZONAS,CHACHAPOYAS,CHACHAPOYAS,17/12/2025
ENERO - NOVIEMBRE,2025,10/12/2025,AMAZONAS,PENAL,DENUNCIA,CONTRA LA ADMINISTRACION PUBLICA,DELITOS COMETIDOS POR PARTICULARES,367,Formas agravadas (Art. 365 y 366),3,010101,AMAZONAS,CHACHAPOYAS,CHACHAPOYAS,17/12/2025
ENERO - NOVIEMBRE,2025,10/12/2025,AMAZONAS,PENAL,DENUNCIA,CONTRA LA ADMINISTRACION PUBLICA,DELITOS COMETIDOS POR PARTICULARES,368,Resistencia o desobediencia a la autoridad,254,010101,AMAZONAS,CHACHAPOYAS,CHACHAPOYAS,17/12/2025
ENERO - NOVIEMBRE,2025,10/12/2025,AMAZONAS,PENAL,DENUNCIA,CONTRA LA ADMINISTRACION PUBLICA,DELITOS COMETIDOS POR PARTICULARES,368-A,"Ingreso indebido de equipos o sistema de comunicación, fotografía y/o filmación en centros de detención o reclusión",13,010101,AMAZONAS,CHACHAPOYAS,CHACHAPOYAS,17/12/2025
ENERO - NOVIEMBRE,2025,10/12/2025,AMAZONAS,PENAL,DENUNCIA,CONTRA LA ADMINISTRACION PUBLICA,DELITOS COMETIDOS POR PARTICULARES,368-B,Ingreso indebido de materiales o componentes con fines de elaboración de equipos de comunicación en centros de detención o reclusión,8,010101,AMAZONAS,CHACHAPOYAS,CHACHAPOYAS,17/12/2025
ENERO - NOVIEMBRE,2025,10/12/2025,AMAZONAS,PENAL,DENUNCIA,CONTRA LA ADMINISTRACION PUBLICA,DELITOS COMETIDOS POR PARTICULARES,368-D,"Posesión indebida de teléfonos celulares o, armas, municiones o materiales explosivos, inflamables, asfixiantes o tóxicos en establecimientos penitenciarios",6,010101,AMAZONAS,CHACHAPOYAS,CHACHAPOYAS,17/12/2025
ENERO - NOVIEMBRE,2025,10/12/2025,AMAZONAS,PENAL,DENUNCIA,CONTRA LA ADMINISTRACION PUBLICA,DELITOS COMETIDOS POR PARTICULARES,368-E,"Ingreso indebido de armas, municiones o materiales explosivos, inflamables, asfixiantes o tóxicos en establecimientos penitenciarios",1,010101,AMAZONAS,CHACHAPOYAS,CHACHAPOYAS,17/12/2025
ENERO - NOVIEMBRE,2025,10/12/2025,AMAZONAS,PENAL,DENUNCIA,CONTRA LA ADMINISTRACION PUBLICA,DELITOS COMETIDOS POR PARTICULARES,369,Violencia contra autoridades elegidas,1,010101,AMAZONAS,CHACHAPOYAS,CHACHAPOYAS,17/12/2025
ENERO - NOVIEMBRE,2025,10/12/2025,AMAZONAS,PENAL,DENUNCIA,CONTRA LA ADMINISTRACION PUBLICA,DELITOS COMETIDOS POR PARTICULARES,375,Perturbación del orden en el lugar donde la autoridad ejerce su función (Desacato),1,010101,AMAZONAS,CHACHAPOYAS,CHACHAPOYAS,17/12/2025
ENERO - NOVIEMBRE,2025,10/12/2025,AMAZONAS,PENAL,DENUNCIA,CONTRA LA ADMINISTRACION PUBLICA,DELITOS CONTRA LA ADMINISTRACION DE JUSTICIA,402,Denuncia calumniosa,33,010101,AMAZONAS,CHACHAPOYAS,CHACHAPOYAS,17/12/2025
ENERO - NOVIEMBRE,2025,10/12/2025,AMAZONAS,PENAL,DENUNCIA,CONTRA LA ADMINISTRACION PUBLICA,DELITOS CONTRA LA ADMINISTRACION DE JUSTICIA,403,Ocultamiento de menor a las investigaciones,12,010101,AMAZONAS,CHACHAPOYAS,CHACHAPOYAS,17/12/2025
ENERO - NOVIEMBRE,2025,10/12/2025,AMAZONAS,PENAL,DENUNCIA,CONTRA LA ADMINISTRACION PUBLICA,DELITOS CONTRA LA ADMINISTRACION DE JUSTICIA,404,Encubrimiento personal,7,010101,AMAZONAS,CHACHAPOYAS,CHACHAPOYAS,17/12/2025
ENERO - NOVIEMBRE,2025,10/12/2025,AMAZONAS,PENAL,DENUNCIA,CONTRA LA ADMINISTRACION PUBLICA,DELITOS CONTRA LA ADMINISTRACION DE JUSTICIA,405,Encubrimiento real,6,010101,AMAZONAS,CHACHAPOYAS,CHACHAPOYAS,17/12/2025
ENERO - NOVIEMBRE,2025,10/12/2025,AMAZONAS,PENAL,DENUNCIA,CONTRA LA ADMINISTRACION PUBLICA,DELITOS CONTRA LA ADMINISTRACION DE JUSTICIA,407,Omisión de denuncia,2,010101,AMAZONAS,CHACHAPOYAS,CHACHAPOYAS,17/12/2025
ENERO - NOVIEMBRE,2025,10/12/2025,AMAZONAS,PENAL,DENUNCIA,CONTRA LA ADMINISTRACION PUBLICA,DELITOS CONTRA LA ADMINISTRACION DE JUSTICIA,408,Fuga del lugar del accidente de tránsito,14,010101,AMAZONAS,CHACHAPOYAS,CHACHAPOYAS,17/12/2025
ENERO - NOVIEMBRE,2025,10/12/2025,AMAZONAS,PENAL,DENUNCIA,CONTRA LA ADMINISTRACION PUBLICA,DELITOS CONTRA LA ADMINISTRACION DE JUSTICIA,409,Falsedad en juicio,3,010101,AMAZONAS,CHACHAPOYAS,CHACHAPOYAS,17/12/2025
ENERO - NOVIEMBRE,2025,10/12/2025,AMAZONAS,PENAL,DENUNCIA,CONTRA LA ADMINISTRACION PUBLICA,DELITOS CONTRA LA ADMINISTRACION DE JUSTICIA,409-A,Obstrucción de la justicia,3,010101,AMAZONAS,CHACHAPOYAS,CHACHAPOYAS,17/12/2025
ENERO - NOVIEMBRE,2025,10/12/2025,AMAZONAS,PENAL,DENUNCIA,CONTRA LA ADMINISTRACION PUBLICA,DELITOS CONTRA LA ADMINISTRACION DE JUSTICIA,410,Avocamiento ilegal de proceso en trámite,1,010101,AMAZONAS,CHACHAPOYAS,CHACHAPOYAS,17/12/2025
ENERO - NOVIEMBRE,2025,10/12/2025,AMAZONAS,PENAL,DENUNCIA,CONTRA LA ADMINISTRACION PUBLICA,DELITOS CONTRA LA ADMINISTRACION DE JUSTICIA,411,Falsa declaración en procedimiento administrativo,16,010101,AMAZONAS,CHACHAPOYAS,CHACHAPOYAS,17/12/2025
ENERO - NOVIEMBRE,2025,10/12/2025,AMAZONAS,PENAL,DENUNCIA,CONTRA LA ADMINISTRACION PUBLICA,DELITOS CONTRA LA ADMINISTRACION DE JUSTICIA,414,Favorecimiento a la fuga,3,010101,AMAZONAS,CHACHAPOYAS,CHACHAPOYAS,17/12/2025
ENERO - NOVIEMBRE,2025,10/12/2025,AMAZONAS,PENAL,DENUNCIA,CONTRA LA ADMINISTRACION PUBLICA,DELITOS CONTRA LA ADMINISTRACION DE JUSTICIA,416,Fraude procesal,7,010101,AMAZONAS,CHACHAPOYAS,CHACHAPOYAS,17/12/2025
ENERO - NOVIEMBRE,2025,10/12/2025,AMAZONAS,PENAL,DENUNCIA,CONTRA LA ADMINISTRACION PUBLICA,DELITOS CONTRA LA ADMINISTRACION DE JUSTICIA,418,Prevaricato,15,010101,AMAZONAS,CHACHAPOYAS,CHACHAPOYAS,17/12/2025
ENERO - NOVIEMBRE,2025,10/12/2025,AMAZONAS,PENAL,DENUNCIA,CONTRA LA ADMINISTRACION PUBLICA,DELITOS CONTRA LA ADMINISTRACION DE JUSTICIA,421,Patrocinio indebido de abogado o mandatario judicial (prevaricato),1,010101,AMAZONAS,CHACHAPOYAS,CHACHAPOYAS,17/12/2025
ENERO - NOVIEMBRE,2025,10/12/2025,AMAZONAS,PENAL,DENUNCIA,CONTRA LA ADMINISTRACION PUBLICA,DELITOS CONTRA LA ADMINISTRACION DE JUSTICIA,423,Negativa al cumplimiento de obligaciones de notario y auxiliares jurisdiccionales,1,010101,AMAZONAS,CHACHAPOYAS,CHACHAPOYAS,17/12/2025
ENERO - NOVIEMBRE,2025,10/12/2025,AMAZONAS,PENAL,DENUNCIA,CONTRA LA ADMINISTRACION PUBLICA,DELITOS CONTRA LA ADMINISTRACION DE JUSTICIA,424,Omisión de ejercicio de la acción penal,2,010101,AMAZONAS,CHACHAPOYAS,CHACHAPOYAS,17/12/2025
ENERO - NOVIEMBRE,2025,10/12/2025,AMAZONAS,PENAL,DENUNCIA,CONTRA LA ADMINISTRACION PUBLICA,DELITOS CONTRA LA ADMINISTRACION DE JUSTICIA,417,Ejercicio arbitrario de derecho. Justicia por propia mano,3,010101,AMAZONAS,CHACHAPOYAS,CHACHAPOYAS,17/12/2025
ENERO - NOVIEMBRE,2025,10/12/2025,AMAZONAS,PENAL,DENUNCIA,CONTRA LA CONF.Y.LA.BUEN.FE.EN.NEGOCIOS,LIBRAMIENTO Y COBRO INDEBIDO,215,Modalidades de libramientos indebidos,3,010101,AMAZONAS,CHACHAPOYAS,CHACHAPOYAS,17/12/2025
ENERO - NOVIEMBRE,2025,10/12/2025,AMAZONAS,PENAL,DENUNCIA,CONTRA LA DIGNIDAD HUMANA,EXPLOTACION,129-O,Trabajo forzoso,1,010101,AMAZONAS,CHACHAPOYAS,CHACHAPOYAS,17/12/2025
ENERO - NOVIEMBRE,2025,10/12/2025,AMAZONAS,PENAL,DENUNCIA,CONTRA LA DIGNIDAD HUMANA,TRATA DE PERSONAS,129-A,Trata de personas,15,010101,AMAZONAS,CHACHAPOYAS,CHACHAPOYAS,17/12/2025
ENERO - NOVIEMBRE,2025,10/12/2025,AMAZONAS,PENAL,DENUNCIA,CONTRA LA DIGNIDAD HUMANA,TRATA DE PERSONAS,129-B,Formas agravadas de la Trata de Personas,3,010101,AMAZONAS,CHACHAPOYAS,CHACHAPOYAS,17/12/2025
ENERO - NOVIEMBRE,2025,10/12/2025,AMAZONAS,PENAL,DENUNCIA,CONTRA LA FAMILIA,ATENTADOS CONTRA LA PATRIA POTESTAD,147,Sustracción de menor,75,010101,AMAZONAS,CHACHAPOYAS,CHACHAPOYAS,17/12/2025
ENERO - NOVIEMBRE,2025,10/12/2025,AMAZONAS,PENAL,DENUNCIA,CONTRA LA FAMILIA,ATENTADOS CONTRA LA PATRIA POTESTAD,148,Inducción a la fuga de menor,91,010101,AMAZONAS,CHACHAPOYAS,CHACHAPOYAS,17/12/2025
ENERO - NOVIEMBRE,2025,10/12/2025,AMAZONAS,PENAL,DENUNCIA,CONTRA LA FAMILIA,OMISION DE ASISTENCIA FAMILIAR,149,Omisión de prestación de alimentos,1689,010101,AMAZONAS,CHACHAPOYAS,CHACHAPOYAS,17/12/2025
ENERO - NOVIEMBRE,2025,10/12/2025,AMAZONAS,PENAL,DENUNCIA,CONTRA LA FAMILIA,OMISION DE ASISTENCIA FAMILIAR,150,Abandono de mujer gestante y en situación crítica,2,010101,AMAZONAS,CHACHAPOYAS,CHACHAPOYAS,17/12/2025
ENERO - NOVIEMBRE,2025,10/12/2025,AMAZONAS,PENAL,DENUNCIA,CONTRA LA FE PUBLICA,DISPOSICIONES COMUNES,438,Falsedad genérica (disposiciones comunes),61,010101,AMAZONAS,CHACHAPOYAS,CHACHAPOYAS,17/12/2025
ENERO - NOVIEMBRE,2025,10/12/2025,AMAZONAS,PENAL,DENUNCIA,CONTRA LA FE PUBLICA,FALSIFICACION DE DOCUMENTOS EN GENERAL,427,Falsificación de documentos,177,010101,AMAZONAS,CHACHAPOYAS,CHACHAPOYAS,17/12/2025
ENERO - NOVIEMBRE,2025,10/12/2025,AMAZONAS,PENAL,DENUNCIA,CONTRA LA FE PUBLICA,FALSIFICACION DE DOCUMENTOS EN GENERAL,428,Falsedad ideológica,85,010101,AMAZONAS,CHACHAPOYAS,CHACHAPOYAS,17/12/2025
ENERO - NOVIEMBRE,2025,10/12/2025,AMAZONAS,PENAL,DENUNCIA,CONTRA LA FE PUBLICA,FALSIFICACION DE DOCUMENTOS EN GENERAL,429,Omisión de consignar declaraciones en documentos,1,010101,AMAZONAS,CHACHAPOYAS,CHACHAPOYAS,17/12/2025
ENERO - NOVIEMBRE,2025,10/12/2025,AMAZONAS,PENAL,DENUNCIA,CONTRA LA FE PUBLICA,FALSIFICACION DE DOCUMENTOS EN GENERAL,430,"Supresión, destrucción u ocultamiento de documentos",1,010101,AMAZONAS,CHACHAPOYAS,CHACHAPOYAS,17/12/2025
ENERO - NOVIEMBRE,2025,10/12/2025,AMAZONAS,PENAL,DENUNCIA,CONTRA LA FE PUBLICA,FALSIFICACION DE DOCUMENTOS EN GENERAL,431,Expedición de certificado médico falso,1,010101,AMAZONAS,CHACHAPOYAS,CHACHAPOYAS,17/12/2025
ENERO - NOVIEMBRE,2025,10/12/2025,AMAZONAS,PENAL,DENUNCIA,CONTRA LA FE PUBLICA,FALSIFICACION DE DOCUMENTOS EN GENERAL,432,Inhabilitación,1,010101,AMAZONAS,CHACHAPOYAS,CHACHAPOYAS,17/12/2025
ENERO - NOVIEMBRE,2025,10/12/2025,AMAZONAS,PENAL,DENUNCIA,CONTRA LA FE PUBLICA,"FALSIFICACION DE SELLOS, TIMBRES Y MARCAS OFICIALES",434,Fabricación o falsificación de sellos o timbres oficiales,13,010101,AMAZONAS,CHACHAPOYAS,CHACHAPOYAS,17/12/2025
ENERO - NOVIEMBRE,2025,10/12/2025,AMAZONAS,PENAL,DENUNCIA,CONTRA LA FE PUBLICA,"FALSIFICACION DE SELLOS, TIMBRES Y MARCAS OFICIALES",435,Fabricación fraudulenta o falsificación de marcas o contraseñas oficiales,152,010101,AMAZONAS,CHACHAPOYAS,CHACHAPOYAS,17/12/2025
ENERO - NOVIEMBRE,2025,10/12/2025,AMAZONAS,PENAL,DENUNCIA,CONTRA LA HUMANIDAD,DESAPARICION FORZADA,320,Desaparición forzada de personas,21,010101,AMAZONAS,CHACHAPOYAS,CHACHAPOYAS,17/12/2025
ENERO - NOVIEMBRE,2025,10/12/2025,AMAZONAS,PENAL,DENUNCIA,CONTRA LA HUMANIDAD,DISCRIMINACION,323,Discriminación e incitación a la discriminación,46,010101,AMAZONAS,CHACHAPOYAS,CHACHAPOYAS,17/12/2025
ENERO - NOVIEMBRE,2025,10/12/2025,AMAZONAS,PENAL,DENUNCIA,CONTRA LA HUMANIDAD,TORTURA,321,Tortura.,9,010101,AMAZONAS,CHACHAPOYAS,CHACHAPOYAS,17/12/2025
ENERO - NOVIEMBRE,2025,10/12/2025,AMAZONAS,PENAL,DENUNCIA,CONTRA LA LIBERTAD,OFENSAS AL PUDOR PUBLICO,183,Exhibiciones y publicaciones obscenas,9,010101,AMAZONAS,CHACHAPOYAS,CHACHAPOYAS,17/12/2025
ENERO - NOVIEMBRE,2025,10/12/2025,AMAZONAS,PENAL,DENUNCIA,CONTRA LA LIBERTAD,OFENSAS AL PUDOR PUBLICO,183-B,"Proposiciones a niños, niñas y adolescentes con fines sexuales",4,010101,AMAZONAS,CHACHAPOYAS,CHACHAPOYAS,17/12/2025
ENERO - NOVIEMBRE,2025,10/12/2025,AMAZONAS,PENAL,DENUNCIA,CONTRA LA LIBERTAD,PROXENETISMO,179,Favorecimiento a la prostitución,1,010101,AMAZONAS,CHACHAPOYAS,CHACHAPOYAS,17/12/2025
ENERO - NOVIEMBRE,2025,10/12/2025,AMAZONAS,PENAL,DENUNCIA,CONTRA LA LIBERTAD,VIOLACION DE DOMICILIO,159,Violación de domicilio,49,010101,AMAZONAS,CHACHAPOYAS,CHACHAPOYAS,17/12/2025
ENERO - NOVIEMBRE,2025,10/12/2025,AMAZONAS,PENAL,DENUNCIA,CONTRA LA LIBERTAD,VIOLACION DE LA INTIMIDAD,154,Violación de la intimidad,5,010101,AMAZONAS,CHACHAPOYAS,CHACHAPOYAS,17/12/2025
ENERO - NOVIEMBRE,2025,10/12/2025,AMAZONAS,PENAL,DENUNCIA,CONTRA LA LIBERTAD,VIOLACION DE LA INTIMIDAD,154-A,Tráfico ilegal de datos personales,2,010101,AMAZONAS,CHACHAPOYAS,CHACHAPOYAS,17/12/2025
ENERO - NOVIEMBRE,2025,10/12/2025,AMAZONAS,PENAL,DENUNCIA,CONTRA LA LIBERTAD,VIOLACION DE LA INTIMIDAD,154-B,"Difusión de imágenes, materiales audiovisuales o audios con contenido sexual",9,010101,AMAZONAS,CHACHAPOYAS,CHACHAPOYAS,17/12/2025
ENERO - NOVIEMBRE,2025,10/12/2025,AMAZONAS,PENAL,DENUNCIA,CONTRA LA LIBERTAD,VIOLACION DE LA INTIMIDAD,156,Revelación de la intimidad personal y familiar,1,010101,AMAZONAS,CHACHAPOYAS,CHACHAPOYAS,17/12/2025
ENERO - NOVIEMBRE,2025,10/12/2025,AMAZONAS,PENAL,DENUNCIA,CONTRA LA LIBERTAD,VIOLACION DE LA LIBERTAD DE TRABAJO,168,Atentado contra la libertad de trabajo y asociación,1,010101,AMAZONAS,CHACHAPOYAS,CHACHAPOYAS,17/12/2025
ENERO - NOVIEMBRE,2025,10/12/2025,AMAZONAS,PENAL,DENUNCIA,CONTRA LA LIBERTAD,VIOLACION DE LA LIBERTAD DE TRABAJO,168-A,Atentado contra las condiciones de seguridad y salud en el trabajo,1,010101,AMAZONAS,CHACHAPOYAS,CHACHAPOYAS,17/12/2025
ENERO - NOVIEMBRE,2025,10/12/2025,AMAZONAS,PENAL,DENUNCIA,CONTRA LA LIBERTAD,VIOLACION DE LA LIBERTAD PERSONAL,151,Coacción,195,010101,AMAZONAS,CHACHAPOYAS,CHACHAPOYAS,17/12/2025
ENERO - NOVIEMBRE,2025,10/12/2025,AMAZONAS,PENAL,DENUNCIA,CONTRA LA LIBERTAD,VIOLACION DE LA LIBERTAD PERSONAL,151-A,Acoso,117,010101,AMAZONAS,CHACHAPOYAS,CHACHAPOYAS,17/12/2025
ENERO - NOVIEMBRE,2025,10/12/2025,AMAZONAS,PENAL,DENUNCIA,CONTRA LA LIBERTAD,VIOLACION DE LA LIBERTAD PERSONAL,152,Secuestro,57,010101,AMAZONAS,CHACHAPOYAS,CHACHAPOYAS,17/12/2025
ENERO - NOVIEMBRE,2025,10/12/2025,AMAZONAS,PENAL,DENUNCIA,CONTRA LA LIBERTAD,VIOLACION DE LA LIBERTAD SEXUAL,170,Violación sexual,237,010101,AMAZONAS,CHACHAPOYAS,CHACHAPOYAS,17/12/2025
ENERO - NOVIEMBRE,2025,10/12/2025,AMAZONAS,PENAL,DENUNCIA,CONTRA LA LIBERTAD,VIOLACION DE LA LIBERTAD SEXUAL,171,Violación de persona en estado de inconsciencia o en la imposibilidad de resistir,6,010101,AMAZONAS,CHACHAPOYAS,CHACHAPOYAS,17/12/2025
ENERO - NOVIEMBRE,2025,10/12/2025,AMAZONAS,PENAL,DENUNCIA,CONTRA LA LIBERTAD,VIOLACION DE LA LIBERTAD SEXUAL,172,Violación de persona en incapacidad de dar su libre consentimiento,13,010101,AMAZONAS,CHACHAPOYAS,CHACHAPOYAS,17/12/2025
ENERO - NOVIEMBRE,2025,10/12/2025,AMAZONAS,PENAL,DENUNCIA,CONTRA LA LIBERTAD,VIOLACION DE LA LIBERTAD SEXUAL,173,Violación sexual de menor de edad,217,010101,AMAZONAS,CHACHAPOYAS,CHACHAPOYAS,17/12/2025
ENERO - NOVIEMBRE,2025,10/12/2025,AMAZONAS,PENAL,DENUNCIA,CONTRA LA LIBERTAD,VIOLACION DE LA LIBERTAD SEXUAL,174,Violación de persona bajo autoridad o vigilancia,1,010101,AMAZONAS,CHACHAPOYAS,CHACHAPOYAS,17/12/2025
ENERO - NOVIEMBRE,2025,10/12/2025,AMAZONAS,PENAL,DENUNCIA,CONTRA LA LIBERTAD,VIOLACION DE LA LIBERTAD SEXUAL,175,Violación sexual mediante engaño,16,010101,AMAZONAS,CHACHAPOYAS,CHACHAPOYAS,17/12/2025
ENERO - NOVIEMBRE,2025,10/12/2025,AMAZONAS,PENAL,DENUNCIA,CONTRA LA LIBERTAD,VIOLACION DE LA LIBERTAD SEXUAL,176,"Tocamientos, actos de connotación sexual o actos libidinosos sin consentimiento",131,010101,AMAZONAS,CHACHAPOYAS,CHACHAPOYAS,17/12/2025
ENERO - NOVIEMBRE,2025,10/12/2025,AMAZONAS,PENAL,DENUNCIA,CONTRA LA LIBERTAD,VIOLACION DE LA LIBERTAD SEXUAL,176-A,"Tocamientos, actos de connotación sexual o actos libidinosos en agravio de menores",143,010101,AMAZONAS,CHACHAPOYAS,CHACHAPOYAS,17/12/2025
ENERO - NOVIEMBRE,2025,10/12/2025,AMAZONAS,PENAL,DENUNCIA,CONTRA LA LIBERTAD,VIOLACION DE LA LIBERTAD SEXUAL,176-B,Acoso sexual,171,010101,AMAZONAS,CHACHAPOYAS,CHACHAPOYAS,17/12/2025
ENERO - NOVIEMBRE,2025,10/12/2025,AMAZONAS,PENAL,DENUNCIA,CONTRA LA LIBERTAD,VIOLACION DE LA LIBERTAD SEXUAL,176-C,Chantaje sexual,9,010101,AMAZONAS,CHACHAPOYAS,CHACHAPOYAS,17/12/2025
ENERO - NOVIEMBRE,2025,10/12/2025,AMAZONAS,PENAL,DENUNCIA,CONTRA LA LIBERTAD,VIOLACION DE LA LIBERTAD SEXUAL,177,Formas agravadas,15,010101,AMAZONAS,CHACHAPOYAS,CHACHAPOYAS,17/12/2025
ENERO - NOVIEMBRE,2025,10/12/2025,AMAZONAS,PENAL,DENUNCIA,CONTRA LA LIBERTAD,VIOLACION DEL SECRETO DE LAS COMUNICAC.,163,Supresión o extravío indebido de correspondencia,1,010101,AMAZONAS,CHACHAPOYAS,CHACHAPOYAS,17/12/2025
ENERO - NOVIEMBRE,2025,10/12/2025,AMAZONAS,PENAL,DENUNCIA,CONTRA LA SEGURIDAD PUBLICA,"CONTRA LA SALUD PUBLICA (CONTAMINACION Y PROPAGACION, TRAFICO ILICITO DE DROGAS)",286,Contaminación o adulteración de bienes o insumos destinados al uso o consumo humano y alteración de la fecha de vencimiento,2,010101,AMAZONAS,CHACHAPOYAS,CHACHAPOYAS,17/12/2025
ENERO - NOVIEMBRE,2025,10/12/2025,AMAZONAS,PENAL,DENUNCIA,CONTRA LA SEGURIDAD PUBLICA,"CONTRA LA SALUD PUBLICA (CONTAMINACION Y PROPAGACION, TRAFICO ILICITO DE DROGAS)",287,Contaminación o adulteración de alimentos o bebidas y alteración de la fecha de vencimiento,1,010101,AMAZONAS,CHACHAPOYAS,CHACHAPOYAS,17/12/2025
ENERO - NOVIEMBRE,2025,10/12/2025,AMAZONAS,PENAL,DENUNCIA,CONTRA LA SEGURIDAD PUBLICA,"CONTRA LA SALUD PUBLICA (CONTAMINACION Y PROPAGACION, TRAFICO ILICITO DE DROGAS)",288,"Producción, comercialización o tráfico ilícito de alimentos y otros productos destinados al uso o consumo humano",3,010101,AMAZONAS,CHACHAPOYAS,CHACHAPOYAS,17/12/2025
ENERO - NOVIEMBRE,2025,10/12/2025,AMAZONAS,PENAL,DENUNCIA,CONTRA LA SEGURIDAD PUBLICA,"CONTRA LA SALUD PUBLICA (CONTAMINACION Y PROPAGACION, TRAFICO ILICITO DE DROGAS)",294,"Suministro infiel de productos farmacéuticos, dispositivos médicos o productos sanitarios",1,010101,AMAZONAS,CHACHAPOYAS,CHACHAPOYAS,17/12/2025
ENERO - NOVIEMBRE,2025,10/12/2025,AMAZONAS,PENAL,DENUNCIA,CONTRA LA SEGURIDAD PUBLICA,"CONTRA LA SALUD PUBLICA (CONTAMINACION Y PROPAGACION, TRAFICO ILICITO DE DROGAS)",294-B,"Comercialización de productos farmacéuticos, dispositivos médicos o productos sanitarios sin garantía de buen estado",4,010101,AMAZONAS,CHACHAPOYAS,CHACHAPOYAS,17/12/2025
ENERO - NOVIEMBRE,2025,10/12/2025,AMAZONAS,PENAL,DENUNCIA,CONTRA LA SEGURIDAD PUBLICA,"CONTRA LA SALUD PUBLICA (CONTAMINACION Y PROPAGACION, TRAFICO ILICITO DE DROGAS)",296,Promoción o favorecimiento al Tráfico Ilícito de Drogas y otros,83,010101,AMAZONAS,CHACHAPOYAS,CHACHAPOYAS,17/12/2025
ENERO - NOVIEMBRE,2025,10/12/2025,AMAZONAS,PENAL,DENUNCIA,CONTRA LA SEGURIDAD PUBLICA,"CONTRA LA SALUD PUBLICA (CONTAMINACION Y PROPAGACION, TRAFICO ILICITO DE DROGAS)",296-A,Comercialización y cultivo de amapola y marihuana y su siembra compulsiva,8,010101,AMAZONAS,CHACHAPOYAS,CHACHAPOYAS,17/12/2025
ENERO - NOVIEMBRE,2025,10/12/2025,AMAZONAS,PENAL,DENUNCIA,CONTRA LA SEGURIDAD PUBLICA,"CONTRA LA SALUD PUBLICA (CONTAMINACION Y PROPAGACION, TRAFICO ILICITO DE DROGAS)",296-B,Tráfico Ilícito de Insumos Químicos y Productos Fiscalizados.,2,010101,AMAZONAS,CHACHAPOYAS,CHACHAPOYAS,17/12/2025
ENERO - NOVIEMBRE,2025,10/12/2025,AMAZONAS,PENAL,DENUNCIA,CONTRA LA SEGURIDAD PUBLICA,"CONTRA LA SALUD PUBLICA (CONTAMINACION Y PROPAGACION, TRAFICO ILICITO DE DROGAS)",297,Formas agravadas,2,010101,AMAZONAS,CHACHAPOYAS,CHACHAPOYAS,17/12/2025
ENERO - NOVIEMBRE,2025,10/12/2025,AMAZONAS,PENAL,DENUNCIA,CONTRA LA SEGURIDAD PUBLICA,"CONTRA LA SALUD PUBLICA (CONTAMINACION Y PROPAGACION, TRAFICO ILICITO DE DROGAS)",298,Microcomercialización o microproducción,28,010101,AMAZONAS,CHACHAPOYAS,CHACHAPOYAS,17/12/2025
ENERO - NOVIEMBRE,2025,10/12/2025,AMAZONAS,PENAL,DENUNCIA,CONTRA LA SEGURIDAD PUBLICA,"CONTRA LA SALUD PUBLICA (CONTAMINACION Y PROPAGACION, TRAFICO ILICITO DE DROGAS)",302,Inducción o instigación al consumo de droga,1,010101,AMAZONAS,CHACHAPOYAS,CHACHAPOYAS,17/12/2025
ENERO - NOVIEMBRE,2025,10/12/2025,AMAZONAS,PENAL,DENUNCIA,CONTRA LA SEGURIDAD PUBLICA,"CONTRA LA SALUD PUBLICA (CONTAMINACION Y PROPAGACION, TRAFICO ILICITO DE DROGAS)",289,Propagación de enfermedad peligrosa o contagiosa,2,010101,AMAZONAS,CHACHAPOYAS,CHACHAPOYAS,17/12/2025
ENERO - NOVIEMBRE,2025,10/12/2025,AMAZONAS,PENAL,DENUNCIA,CONTRA LA SEGURIDAD PUBLICA,"CONTRA LA SALUD PUBLICA (CONTAMINACION Y PROPAGACION, TRAFICO ILICITO DE DROGAS)",295,Formas culposas,1,010101,AMAZONAS,CHACHAPOYAS,CHACHAPOYAS,17/12/2025
ENERO - NOVIEMBRE,2025,10/12/2025,AMAZONAS,PENAL,DENUNCIA,CONTRA LA SEGURIDAD PUBLICA,"CONTRA LOS MEDIOS DE TRANSP., COMUNIC. Y OTROS SERV. PÚBLICOS",283,Entorpecimiento al funcionamiento de servicios públicos,3,010101,AMAZONAS,CHACHAPOYAS,CHACHAPOYAS,17/12/2025
ENERO - NOVIEMBRE,2025,10/12/2025,AMAZONAS,PENAL,DENUNCIA,CONTRA LA SEGURIDAD PUBLICA,DELITO DE PELIGRO COMUN,273,Peligro por medio de incendio o explosión,6,010101,AMAZONAS,CHACHAPOYAS,CHACHAPOYAS,17/12/2025
ENERO - NOVIEMBRE,2025,10/12/2025,AMAZONAS,PENAL,DENUNCIA,CONTRA LA SEGURIDAD PUBLICA,DELITO DE PELIGRO COMUN,273-A,Producción de peligro en el servicio público de transporte de pasajeros,3,010101,AMAZONAS,CHACHAPOYAS,CHACHAPOYAS,17/12/2025
ENERO - NOVIEMBRE,2025,10/12/2025,AMAZONAS,PENAL,DENUNCIA,CONTRA LA SEGURIDAD PUBLICA,DELITO DE PELIGRO COMUN,274,Conducción en estado de ebriedad o drogadicción,378,010101,AMAZONAS,CHACHAPOYAS,CHACHAPOYAS,17/12/2025
ENERO - NOVIEMBRE,2025,10/12/2025,AMAZONAS,PENAL,DENUNCIA,CONTRA LA SEGURIDAD PUBLICA,DELITO DE PELIGRO COMUN,274-A,Manipulación en estado de ebriedad o drogadicción,1,010101,AMAZONAS,CHACHAPOYAS,CHACHAPOYAS,17/12/2025
ENERO - NOVIEMBRE,2025,10/12/2025,AMAZONAS,PENAL,DENUNCIA,CONTRA LA SEGURIDAD PUBLICA,DELITO DE PELIGRO COMUN,275,Formas agravadas,1,010101,AMAZONAS,CHACHAPOYAS,CHACHAPOYAS,17/12/2025
ENERO - NOVIEMBRE,2025,10/12/2025,AMAZONAS,PENAL,DENUNCIA,CONTRA LA SEGURIDAD PUBLICA,DELITO DE PELIGRO COMUN,279,"Fabricación, suministro o tenencia de materiales peligrosos",21,010101,AMAZONAS,CHACHAPOYAS,CHACHAPOYAS,17/12/2025
ENERO - NOVIEMBRE,2025,10/12/2025,AMAZONAS,PENAL,DENUNCIA,CONTRA LA SEGURIDAD PUBLICA,DELITO DE PELIGRO COMUN,279-A,"Producción, desarrollo y comercialización ilegal de armas químicas",9,010101,AMAZONAS,CHACHAPOYAS,CHACHAPOYAS,17/12/2025
ENERO - NOVIEMBRE,2025,10/12/2025,AMAZONAS,PENAL,DENUNCIA,CONTRA LA SEGURIDAD PUBLICA,DELITO DE PELIGRO COMUN,279-E,"Ensamblado, comercialización y utilización, en el servicio público, de transporte de omnibuses sobre chasis de camión",26,010101,AMAZONAS,CHACHAPOYAS,CHACHAPOYAS,17/12/2025
ENERO - NOVIEMBRE,2025,10/12/2025,AMAZONAS,PENAL,DENUNCIA,CONTRA LA SEGURIDAD PUBLICA,DELITO DE PELIGRO COMUN,279-F,Uso de armas en estado de ebriedad o drogadicción,3,010101,AMAZONAS,CHACHAPOYAS,CHACHAPOYAS,17/12/2025
ENERO - NOVIEMBRE,2025,10/12/2025,AMAZONAS,PENAL,DENUNCIA,CONTRA LA SEGURIDAD PUBLICA,DELITO DE PELIGRO COMUN,279-G,"Fabricación, comercialización, uso o porte de armas",35,010101,AMAZONAS,CHACHAPOYAS,CHACHAPOYAS,17/12/2025
ENERO - NOVIEMBRE,2025,10/12/2025,AMAZONAS,PENAL,DENUNCIA,CONTRA LA TRANQUILIDAD PUBLICA,DELITOS CONTRA LA PAZ PUBLICA,315,Disturbios,2,010101,AMAZONAS,CHACHAPOYAS,CHACHAPOYAS,17/12/2025
ENERO - NOVIEMBRE,2025,10/12/2025,AMAZONAS,PENAL,DENUNCIA,CONTRA LA TRANQUILIDAD PUBLICA,DELITOS CONTRA LA PAZ PUBLICA,315-A,Delito de grave perturbación de la tranquilidad pública,3,010101,AMAZONAS,CHACHAPOYAS,CHACHAPOYAS,17/12/2025
ENERO - NOVIEMBRE,2025,10/12/2025,AMAZONAS,PENAL,DENUNCIA,CONTRA LA TRANQUILIDAD PUBLICA,DELITOS CONTRA LA PAZ PUBLICA,316-A,Apología del delito de terrorismo,2,010101,AMAZONAS,CHACHAPOYAS,CHACHAPOYAS,17/12/2025
ENERO - NOVIEMBRE,2025,10/12/2025,AMAZONAS,PENAL,DENUNCIA,CONTRA LA TRANQUILIDAD PUBLICA,DELITOS CONTRA LA PAZ PUBLICA,317,Organización Criminal,3,010101,AMAZONAS,CHACHAPOYAS,CHACHAPOYAS,17/12/2025
ENERO - NOVIEMBRE,2025,10/12/2025,AMAZONAS,PENAL,DENUNCIA,CONTRA LA TRANQUILIDAD PUBLICA,DELITOS CONTRA LA PAZ PUBLICA,317-A,Marcaje o reglaje,6,010101,AMAZONAS,CHACHAPOYAS,CHACHAPOYAS,17/12/2025
ENERO - NOVIEMBRE,2025,10/12/2025,AMAZONAS,PENAL,DENUNCIA,CONTRA LA TRANQUILIDAD PUBLICA,DELITOS CONTRA LA PAZ PUBLICA,317-B,Banda Criminal,7,010101,AMAZONAS,CHACHAPOYAS,CHACHAPOYAS,17/12/2025
ENERO - NOVIEMBRE,2025,10/12/2025,AMAZONAS,PENAL,DENUNCIA,CONTRA LA VIDA/EL CUERPO Y LA SALUD,ABORTO,114,Autoaborto,11,010101,AMAZONAS,CHACHAPOYAS,CHACHAPOYAS,17/12/2025
ENERO - NOVIEMBRE,2025,10/12/2025,AMAZONAS,PENAL,DENUNCIA,CONTRA LA VIDA/EL CUERPO Y LA SALUD,ABORTO,115,Aborto consentido,2,010101,AMAZONAS,CHACHAPOYAS,CHACHAPOYAS,17/12/2025
ENERO - NOVIEMBRE,2025,10/12/2025,AMAZONAS,PENAL,DENUNCIA,CONTRA LA VIDA/EL CUERPO Y LA SALUD,ABORTO,116,Aborto sin consentimiento,4,010101,AMAZONAS,CHACHAPOYAS,CHACHAPOYAS,17/12/2025
ENERO - NOVIEMBRE,2025,10/12/2025,AMAZONAS,PENAL,DENUNCIA,CONTRA LA VIDA/EL CUERPO Y LA SALUD,ABORTO,117,Agravación de la pena por la calidad del sujeto,1,010101,AMAZONAS,CHACHAPOYAS,CHACHAPOYAS,17/12/2025
ENERO - NOVIEMBRE,2025,10/12/2025,AMAZONAS,PENAL,DENUNCIA,CONTRA LA VIDA/EL CUERPO Y LA SALUD,EXPOSICION A PELIGRO O ABANDONO DE PERSONAS EN PELIGRO,125,Exposición o abandono peligrosos,19,010101,AMAZONAS,CHACHAPOYAS,CHACHAPOYAS,17/12/2025
ENERO - NOVIEMBRE,2025,10/12/2025,AMAZONAS,PENAL,DENUNCIA,CONTRA LA VIDA/EL CUERPO Y LA SALUD,EXPOSICION A PELIGRO O ABANDONO DE PERSONAS EN PELIGRO,126,Omisión de socorro y exposición a peligro,6,010101,AMAZONAS,CHACHAPOYAS,CHACHAPOYAS,17/12/2025
ENERO - NOVIEMBRE,2025,10/12/2025,AMAZONAS,PENAL,DENUNCIA,CONTRA LA VIDA/EL CUERPO Y LA SALUD,EXPOSICION A PELIGRO O ABANDONO DE PERSONAS EN PELIGRO,127,Omisión de auxilio o aviso a la autoridad,4,010101,AMAZONAS,CHACHAPOYAS,CHACHAPOYAS,17/12/2025
ENERO - NOVIEMBRE,2025,10/12/2025,AMAZONAS,PENAL,DENUNCIA,CONTRA LA VIDA/EL CUERPO Y LA SALUD,EXPOSICION A PELIGRO O ABANDONO DE PERSONAS EN PELIGRO,128,Exposición a peligro de persona dependiente,10,010101,AMAZONAS,CHACHAPOYAS,CHACHAPOYAS,17/12/2025
ENERO - NOVIEMBRE,2025,10/12/2025,AMAZONAS,PENAL,DENUNCIA,CONTRA LA VIDA/EL CUERPO Y LA SALUD,HOMICIDIO,106,Homicidio Simple,129,010101,AMAZONAS,CHACHAPOYAS,CHACHAPOYAS,17/12/2025
ENERO - NOVIEMBRE,2025,10/12/2025,AMAZONAS,PENAL,DENUNCIA,CONTRA LA VIDA/EL CUERPO Y LA SALUD,HOMICIDIO,108,Homicidio calificado,14,010101,AMAZONAS,CHACHAPOYAS,CHACHAPOYAS,17/12/2025
ENERO - NOVIEMBRE,2025,10/12/2025,AMAZONAS,PENAL,DENUNCIA,CONTRA LA VIDA/EL CUERPO Y LA SALUD,HOMICIDIO,108-A,Homicidio Calificado por la Condición de la víctima,2,010101,AMAZONAS,CHACHAPOYAS,CHACHAPOYAS,17/12/2025
ENERO - NOVIEMBRE,2025,10/12/2025,AMAZONAS,PENAL,DENUNCIA,CONTRA LA VIDA/EL CUERPO Y LA SALUD,HOMICIDIO,108-B,Feminicidio,6,010101,AMAZONAS,CHACHAPOYAS,CHACHAPOYAS,17/12/2025
ENERO - NOVIEMBRE,2025,10/12/2025,AMAZONAS,PENAL,DENUNCIA,CONTRA LA VIDA/EL CUERPO Y LA SALUD,HOMICIDIO,108-D,La conspiración y el ofrecimiento para el delito de sicariato,1,010101,AMAZONAS,CHACHAPOYAS,CHACHAPOYAS,17/12/2025
ENERO - NOVIEMBRE,2025,10/12/2025,AMAZONAS,PENAL,DENUNCIA,CONTRA LA VIDA/EL CUERPO Y LA SALUD,HOMICIDIO,109,Homicidio por emoción violenta,3,010101,AMAZONAS,CHACHAPOYAS,CHACHAPOYAS,17/12/2025
ENERO - NOVIEMBRE,2025,10/12/2025,AMAZONAS,PENAL,DENUNCIA,CONTRA LA VIDA/EL CUERPO Y LA SALUD,HOMICIDIO,111,Homicidio Culposo,61,010101,AMAZONAS,CHACHAPOYAS,CHACHAPOYAS,17/12/2025
ENERO - NOVIEMBRE,2025,10/12/2025,AMAZONAS,PENAL,DENUNCIA,CONTRA LA VIDA/EL CUERPO Y LA SALUD,HOMICIDIO,113,Instigación o ayuda al suicidio,6,010101,AMAZONAS,CHACHAPOYAS,CHACHAPOYAS,17/12/2025
ENERO - NOVIEMBRE,2025,10/12/2025,AMAZONAS,PENAL,DENUNCIA,CONTRA LA VIDA/EL CUERPO Y LA SALUD,HOMICIDIO,112,Homicidio piadoso,1,010101,AMAZONAS,CHACHAPOYAS,CHACHAPOYAS,17/12/2025
ENERO - NOVIEMBRE,2025,10/12/2025,AMAZONAS,PENAL,DENUNCIA,CONTRA LA VIDA/EL CUERPO Y LA SALUD,LESIONES,121,Lesiones graves,101,010101,AMAZONAS,CHACHAPOYAS,CHACHAPOYAS,17/12/2025
ENERO - NOVIEMBRE,2025,10/12/2025,AMAZONAS,PENAL,DENUNCIA,CONTRA LA VIDA/EL CUERPO Y LA SALUD,LESIONES,121-B,Lesiones graves por violencia contra las mujeres e integrantes del grupo familiar,91,010101,AMAZONAS,CHACHAPOYAS,CHACHAPOYAS,17/12/2025
ENERO - NOVIEMBRE,2025,10/12/2025,AMAZONAS,PENAL,DENUNCIA,CONTRA LA VIDA/EL CUERPO Y LA SALUD,LESIONES,122,Lesiones leves,651,010101,AMAZONAS,CHACHAPOYAS,CHACHAPOYAS,17/12/2025
ENERO - NOVIEMBRE,2025,10/12/2025,AMAZONAS,PENAL,DENUNCIA,CONTRA LA VIDA/EL CUERPO Y LA SALUD,LESIONES,122-B,Agresiones en contra de las mujeres o integrantes del grupo familiar,2423,010101,AMAZONAS,CHACHAPOYAS,CHACHAPOYAS,17/12/2025
ENERO - NOVIEMBRE,2025,10/12/2025,AMAZONAS,PENAL,DENUNCIA,CONTRA LA VIDA/EL CUERPO Y LA SALUD,LESIONES,123,Lesiones preterintencionales con resultado fortuito,205,010101,AMAZONAS,CHACHAPOYAS,CHACHAPOYAS,17/12/2025
ENERO - NOVIEMBRE,2025,10/12/2025,AMAZONAS,PENAL,DENUNCIA,CONTRA LA VIDA/EL CUERPO Y LA SALUD,LESIONES,124,Lesiones Culposas,324,010101,AMAZONAS,CHACHAPOYAS,CHACHAPOYAS,17/12/2025
ENERO - NOVIEMBRE,2025,10/12/2025,AMAZONAS,PENAL,DENUNCIA,CONTRA LA VIDA/EL CUERPO Y LA SALUD,LESIONES,124-A,Daños al Concebido,2,010101,AMAZONAS,CHACHAPOYAS,CHACHAPOYAS,17/12/2025
ENERO - NOVIEMBRE,2025,10/12/2025,AMAZONAS,PENAL,DENUNCIA,CONTRA LA VIDA/EL CUERPO Y LA SALUD,LESIONES,124-B,"Del daño psíquico y la afectación psicológica, cognitiva o conductual",25,010101,AMAZONAS,CHACHAPOYAS,CHACHAPOYAS,17/12/2025
ENERO - NOVIEMBRE,2025,10/12/2025,AMAZONAS,PENAL,DENUNCIA,CONTRA LA VOLUNTAD POPULAR,DELITOS CONTRA EL DERECHO AL SUFRAGIO,357,Suplantación de votante,1,010101,AMAZONAS,CHACHAPOYAS,CHACHAPOYAS,17/12/2025
ENERO - NOVIEMBRE,2025,10/12/2025,AMAZONAS,PENAL,DENUNCIA,CONTRA LOS DERECHOS INTELECTUALES,CONTRA LOS DERECHOS DE AUTOR Y CONEXOS,217,"Reproducción, difusión, distribución y circulación de la obra sin la autorización del autor",1,010101,AMAZONAS,CHACHAPOYAS,CHACHAPOYAS,17/12/2025
ENERO - NOVIEMBRE,2025,10/12/2025,AMAZONAS,PENAL,DENUNCIA,D.LEG 813. LEY PENAL TRIBUTARIA,DEFRAUDACION TRIBUTARIA,2,Defraudación tributaria (D.L. 813),1,010101,AMAZONAS,CHACHAPOYAS,CHACHAPOYAS,17/12/2025
ENERO - NOVIEMBRE,2025,10/12/2025,AMAZONAS,PENAL,DENUNCIA,D.LEG 813. LEY PENAL TRIBUTARIA,DEFRAUDACION TRIBUTARIA,4,Defraudación tributaria (D.L. 813),1,010101,AMAZONAS,CHACHAPOYAS,CHACHAPOYAS,17/12/2025
ENERO - NOVIEMBRE,2025,10/12/2025,AMAZONAS,PENAL,DENUNCIA,D.LEG 813. LEY PENAL TRIBUTARIA,DEFRAUDACION TRIBUTARIA,5-B,Defraudación tributaria (D.L. 813),1,010101,AMAZONAS,CHACHAPOYAS,CHACHAPOYAS,17/12/2025
ENERO - NOVIEMBRE,2025,10/12/2025,AMAZONAS,PENAL,DENUNCIA,D.LEG. 1106 LAVADO DE ACTIVOS,LAVADO DE ACTIVOS,2,Actos de ocultamiento y tenencia,5,010101,AMAZONAS,CHACHAPOYAS,CHACHAPOYAS,17/12/2025
ENERO - NOVIEMBRE,2025,10/12/2025,AMAZONAS,PENAL,DENUNCIA,DELITOS ADUANEROS (LEY 28008),DEFRAUDACIÓN DE RENTAS DE ADUANA,5,Modalidades de defraudación de rentas de aduana,1,010101,AMAZONAS,CHACHAPOYAS,CHACHAPOYAS,17/12/2025
ENERO - NOVIEMBRE,2025,10/12/2025,AMAZONAS,PENAL,DENUNCIA,DELITOS ADUANEROS (LEY 28008),RECEPTACIÓN ADUANERA,6,Receptación aduanera,1,010101,AMAZONAS,CHACHAPOYAS,CHACHAPOYAS,17/12/2025
ENERO - NOVIEMBRE,2025,10/12/2025,AMAZONAS,PENAL,DENUNCIA,DELITOS ADUANEROS (LEY 28008),TRÁFICO DE MERCANCÍAS PROHIBIDAS Y RESTRINGIDAS,8,Tráfico de mercancías prohibidas o restringidas,3,010101,AMAZONAS,CHACHAPOYAS,CHACHAPOYAS,17/12/2025
ENERO - NOVIEMBRE,2025,10/12/2025,AMAZONAS,PENAL,DENUNCIA,DELITOS AMBIENTALES,DELITOS CONTRA LOS RECURSOS NATURALES,308,Tráfico ilegal de especies de flora y fauna silvestre,20,010101,AMAZONAS,CHACHAPOYAS,CHACHAPOYAS,17/12/2025
ENERO - NOVIEMBRE,2025,10/12/2025,AMAZONAS,PENAL,DENUNCIA,DELITOS AMBIENTALES,DELITOS CONTRA LOS RECURSOS NATURALES,308-C,Depredación de flora y fauna silvestre,12,010101,AMAZONAS,CHACHAPOYAS,CHACHAPOYAS,17/12/2025
